study,year,citation,location,sample_age,sample_sex,dataset,study_n,sub_n,description,related_publications,pub_doi,sss,preload_used,ed_manipulation,ps_manipulation,volume_manipulation,fat_manipulation,food_form,microstructure,eating_disorder,weight_loss,obesity,social_context,age,sex,race,ses,bmi,recall_intake,measured_intake,pre_post_meal_q,cho_intake,fat_intake,pro_intake,fiber_intake,food_preference,eat_duration,substance_use,current_status_q,zung,eat,edi,ei,beck,bsq,qewp-r,debq,pfs,cfq,upsit,birth_control,menstrual_cycle
whole_vs_parts,1988,"Rolls, Barbara J., Pearce, Alaina L., (2026) Whole versus Parts 1988 [Dataset]. ScholarSphere.",Johns Hopkins,adult,mixed,whole_vs_parts,52,,"These data are from a study that included two counterbalanced visits and a follow-up discharge session. The counterbalanced condition was whether participants were served the sandwiches as whole units or cut into pieces. Participants included men and women without overweight or obesity who were not dieting. Visits were conducted at approximately 11:30 in the morning. Participants were given visual analog (VAS) scales to rate their hunger, thirst, fullness, desire to eat, and how much they thought they could eat (i.e., prospective consumption). They were then asked to rate the pleasantness of the taste and their desire to eat a sample of a ham and Swiss cheese sandwich with lettuce and mustard on rye bread. Participants were then presented with either four whole ham and Swiss cheese sandwiches on rye bread (held together with toothpicks) or the same sandwiches cut into nine small squares, each held together with a toothpick. They were also given a 550 g glass of cold water and a timer. They were told to eat as much as they wanted within 20 minutes and to ask for more if they desired. They were not allowed to read, do any work, or socialize during this time. All VAS ratings were repeated after the participants finished eating the sandwiches. Total intake was computed by weight the sandwiches and water before and after the meal. ",,,0,0,,,,,,0,0,,,0,0,1,0,0,0,,1,1,1,1,1,,0,0,0,0,0,0,0,0,,0,,,,,0,,
sociofeed_dannys_dinner,1990,"Rolls, Barbara J., & Pearce, Alaina L. (2026) Sociofeed: Danny's Dinner 1990 [Dataset]. ScholarSphere.",Johns Hopkins,adult,mixed,sociofeed,80,,"These data are from a study that included two counterbalanced visits. The counterbalanced condition was whether participants ate a meal alone or with three other individuals matched on gender and eating restraint. For the group condition, it was randomly assigned whether the other individuals were known friends or strangers. Participants completed the Eating Inventory and were categorized as restrained or unrestrained eaters. Participants included men and women without overweight or obesity who were not dieting. Visits were conducted at dinner. Participants were given visual analog scales (VAS) before and after eating to rate their current mood, arousal state, hunger, thirst, fullness, and how much they thought they could eat (i.e., prospective consumption). Participants were then presented with a spaghetti meal and water. They were told to eat as much as they wanted within 40 minutes and to ask for more if desired. Total intake was computed by weighing the food and water before and after the meal. ","Oral Presentation: Shide, David J. & Rolls, Barbara J. (1995) Social Facilitation of Caloric Intake in Humans by Friends, But Not by Strangers. Society for the Study of Ingestive Behavior",,0,0,,,,,,0,0,,,1,1,1,0,0,0,,1,1,1,1,1,,0,0,0,0,,0,0,0,,0,,,,,0,,
sss_yogurt,1990,"Rolls, Barbara J., & Pearce, Alaina L. (2026) Yogurt SSS by Age 1990 [Dataset]. ScholarSphere.",Johns Hopkins,adult,mixed,sss_yogurt,96,,"The goal of this study was to examine the role of age on sensory-specific satiety. These data are from a study that included two visits. Participants varied in age across four different age groups. At each visit, participants completed visual analog scales (VAS) to report their current state (e.g., hunger, thirst, nausea, fullness, and how much they thought they could eat (i.e., prospective consumption)) before and after eating. Participants were served two different amounts of yogurt, with the amount served at each visit counterbalanced across participants. Participants were also asked to taste a series of foods and use a VAS to rate pleasantness of food attributes before and after eating the yogurt. ","Rolls, Barbara J., and Teresa M. McDermott. ""Effects of age on sensory-specific satiety."" The American journal of clinical nutrition 54, no. 6 (1991): 988-996.",https://doi.org/10.1093/ajcn/54.6.988,1,0,,,,,,0,0,,,0,1,1,0,0,0,,1,0,1,1,1,,0,1,0,0,1,1,,1,,,,,,,1,,
eatdis,1991,"Rolls, Barbara J., & Pearce, Alaina L. (2026) Eating Disorders Studies 1991 [Dataset]. ScholarSphere.",Johns Hopkins,adult,female,demo_data,174,,These data are from inpatients from the Johns Hopkins Hospital Eating Disorder Unit and control participants from the surrounding community. This data includes demographic information. ,,,0,0,,,,,,0,1,,,0,1,0,,,1,,0,0,,,,,0,0,0,0,0,0,0,0,,0,,,,,0,,
eatdis,1991,"Rolls, Barbara J., & Pearce, Alaina L. (2026) Eating Disorders Studies 1991 [Dataset]. ScholarSphere.",Johns Hopkins,adult,female,questionnaire,,111,These data are from inpatients from the Johns Hopkins Hospital Eating Disorder Unit and control participants from the surrounding community. This data includes questionnaire responses. ,,,0,0,,,,,,0,1,,,0,,0,,,0,,0,0,,,,,0,0,0,0,1,1,1,1,,1,,,,,1,,
eatdis,1991,"Rolls, Barbara J., & Pearce, Alaina L. (2026) Eating Disorders Studies 1991 [Dataset]. ScholarSphere.",Johns Hopkins,adult,female,cafeteria,,44,"These data are from inpatients from the Johns Hopkins Hospital Eating Disorder Unit and control participants from the surrounding community. All participants completed questionnaires, ratings, and a cafeteria meal. All study sessions were completed at lunchtime. Participants were given visual analog scales (VAS) before and after eating the cafeteria meal to rate their current mood, arousal state, hunger, thirst, fullness, and how much they thought they could eat (i.e., prospective consumption). Participants were then able to choose meal foods from the cafeteria and consumed the meal with a clinician, who also ate. Inpatient participants completed the sessions before and after treatment, while control participants completed the session twice, separated by a few weeks. ","Andersen AE, Stoner SA, Rolls BJ. Improved eating behavior in eating?disordered inpatients after treatment: Documentation in a naturalistic setting. International Journal of Eating Disorders. 1996 Dec;20(4):397-403.",https://doi.org/10.1002/(SICI)1098-108X(199612)20:4%3C397::AID-EAT7%3E3.0.CO;2-I,0,0,,,,,,0,1,,,1,,0,,,0,,1,1,1,1,1,,0,1,0,0,0,1,1,1,,,,,,,1,,
eatdis,1991,"Rolls, Barbara J., & Pearce, Alaina L. (2026) Eating Disorders Studies 1991 [Dataset]. ScholarSphere.",Johns Hopkins,adult,female,food preference,,70,These data are from inpatients from the Johns Hopkins Hospital Eating Disorder Unit and control participants from the surrounding community. All participants completed a questionnaire at admission and discharge reporting how much they liked and wanted to eat 50 different foods. ,"Stoner SA, Fedoroff IC, Andersen AE, Rolls BJ. Food preferences and desire to eat in anorexia and bulimia nervosa. International Journal of Eating Disorders. 1996 Jan;19(1):13-22.",https://doi.org/10.1002/(SICI)1098-108X(199601)19:1%3C13::AID-EAT3%3E3.0.CO;2-Z,0,0,,,,,,0,1,,,0,,0,,,0,,0,0,,,,,1,0,0,0,0,0,0,1,,,,,,,1,,
eatdis,1991,"Rolls, Barbara J., & Pearce, Alaina L. (2026) Eating Disorders Studies 1991 [Dataset]. ScholarSphere.",Johns Hopkins,adult,female,smell,,71,These data are from inpatients from the Johns Hopkins Hospital Eating Disorder Unit and control participants from the surrounding community. Participants self-reported smoking status and history in addition to completing two smell tests: 1) an olfactory detection threshold test and 2) the University of Pennsylvania Smell Identification Test (UPSIT). These tests were completed at admission and discharge for inpatient participants. ,"Fedoroff IC, Stoner SA, Andersen AE, Doty RL, Rolls BJ. Olfactory dysfunction in anorexia and bulimia nervosa. International Journal of Eating Disorders. 1995 Jul;18(1):71-7.",https://doi.org/10.1002/1098-108X(199507)18:1%3C71::AID-EAT2260180108%3E3.0.CO;2-5,0,0,,,,,,0,1,,,0,1,0,,,0,,0,0,,,,,0,0,1,0,,,,,,,,,,,1,,
eatdis,1991,"Rolls, Barbara J., & Pearce, Alaina L. (2026) Eating Disorders Studies 1991 [Dataset]. ScholarSphere.",Johns Hopkins,adult,female,vas hourly,,40,"These data are from inpatients from the Johns Hopkins Hospital Eating Disorder Unit and control participants from the surrounding community. Participants self-reported their current state (hunger, thirst, binge and purge desire, fear of being fat, anxiety, and depression) on an hourly basis from 8:00 a.m. to 10:00 p.m. and before and after each meal. Tests were completed weekly on Fridays, starting with the first Friday after admission. ",,,0,0,,,,,,0,1,,,0,,0,,,0,,0,1,,,,,0,0,0,1,,,,,,,,,,,,,
eatdis,1991,"Rolls, Barbara J., & Pearce, Alaina L. (2026) Eating Disorders Studies 1991 [Dataset]. ScholarSphere.",Johns Hopkins,adult,female,yogurt,,27,"These data are from inpatients from the Johns Hopkins Hospital Eating Disorder Unit and control participants from the surrounding community. Participants completed three sessions in counterbalanced order on alternating days of the first week of their hospital admission. During each session, participants received one of three yogurt preloads for lunch: high fat, high carbohydrate, or low fat/low carbohydrate. Participants rated their current state including hunger, fullness, desire to eat, how much they thought they could eat (i.e., prospective consumption), bloatedness, fear of becoming fat, desire to binge and purge, alertness, guilt, depression, contentment, and nausea before and after the yogurt preload, before and after dinner, and every 60 minutes between the preload and dinner (four times). ","Rolls BJ, Hetherington MM, Stoner SA, Andersen AE. Effects of preloads of differing energy and macronutrient content on eating behavior in bulimia nervosa. Appetite. 1997 Dec 1;29(3):353-67.",https://doi.org/10.1006/appe.1997.0103,0,1,,,,,,0,1,,,0,,0,,,0,,1,0,1,1,1,,0,1,0,0,1,1,,1,,1,,,,,,,
eatdis,1991,"Rolls, Barbara J., & Pearce, Alaina L. (2026) Eating Disorders Studies 1991 [Dataset]. ScholarSphere.",Johns Hopkins,adult,female,deprivation,,49,"These data are from inpatients from the Johns Hopkins Hospital Eating Disorder Unit and control participants from the surrounding community. Participants completed two sessions in counterbalanced order,with at least one non-test day between sessions, during the first week after admission to the hospital. Participants completed a food diary followed by rating their hunger, thirst, desire to eat, fullness, prospective consumption (i.e. how much they thought they could eat), bloatedness, fear of fatness, desire to binge, desire to purge, alertness, guilt, depression, contentedness, and nausea using 100 mm visual analog scales (VAS). Participants were then served dinner, which was eaten alone. After dinner, participants completed the same VAS ratings. In the deprivation condition, participants fasted starting at 10:00 p.m. the night prior to the session (or after dinner at 6:00 p.m. for inpatient participants). The non-deprivation condition did not restrict prior food intake. The meals were also video recorded and coded for eating behaviors.","Hetherington MM, Stoner SA, Andersen AE, Rolls BJ. Effects of acute food deprivation on eating behavior in eating disorders. International Journal of Eating Disorders. 2000 Nov;28(3):272-83.",https://doi.org/10.1002/1098-108X(200011)28:3%3C272::AID-EAT4%3E3.0.CO;2-Q,0,0,,,,,,1,1,,,0,,0,,,0,,1,1,1,1,1,,0,1,0,0,,,,,,,,,,,,,
eatdis,1991,"Rolls, Barbara J., & Pearce, Alaina L. (2026) Eating Disorders Studies 1991 [Dataset]. ScholarSphere.",Johns Hopkins,adult,female,lunch-video,,16,These data are from inpatients from the Johns Hopkins Hospital Eating Disorder Unit and control participants from the surrounding community. Participants completed two sessions; inpatient participants completed sessions at admission and discharge and controls at similar intervals. Meals were recorded an analyzed for for both intake and non-intake related behaviors. Only raw data was preserved for coded food item microstructure. Non-food choice behavior data was not available but is described in the publication.,"Tappe, K.A., Gerberg, S.E., Shide, D.J., Rolls, B.J. and Andersen, A.E., 1998. Videotape assessment of changes in aberrant meal-time behaviors in anorexia nervosa after treatment. Appetite, 30(2), pp.171-184.",https://doi.org/10.1006/appe.1997.0131,0,0,,,,,,1,1,,,0,0,0,0,0,0,,0,0,0,0,0,,0,0,0,0,0,0,0,0,,0,,,,,0,,
eatdis,1990,"Rolls, Barbara J., & Pearce, Alaina L. (2026) Eating Disorders Studies 1991 [Dataset]. ScholarSphere.",Johns Hopkins,adult,female,sss_salad,,27,"These data are from inpatients from the Johns Hopkins Hospital Eating Disorder Unit and control participants from the surrounding community. Participants completed three sessions in counterbalanced order on alternating days of the first week of their hospital admission. During each session, participants received one of three condition preloads for lunch: high calorie salad preload, low calorie salad preload, or no preload. Participants rated their current state including hunger, fullness, desire to eat, how much they thought they could eat (i.e., prospective consumption), bloatedness, fear of becoming fat, desire to binge and purge, alertness, guilt, depression, contentment, and nausea before and after the yogurt preload, and before and after lunch (four times). They also completed a taste-test of nine foods before and after preload and before and after lunch. Data is incomplete and only includes some VAS ratings and calculated difference scores.","Rolls BJ, Andersen AE, Moran TH, McNelis AL, Baier HC, Fedoroff IC. Food intake, hunger, and satiety after preloads in women with eating disorders. The American journal of clinical nutrition. 1992 Jun 1;55(6):1093-103.",https://doi.org/10.1093/ajcn/55.6.1093,1,1,,,,,,0,1,,,0,0,0,0,0,0,,missing,missing,missing,missing,missing,,1,0,0,missing,0,missing,missing,missing,,0,,,,,0,,
iv_ig_preloads,1991,"Rolls, Barbara J., Pearce, Alaina L., (2026) IV versus IG Preload Study [Dataset]. ScholarSphere.",Johns Hopkins,adult,male,ivig_preload,12,12,"Two samples of men were part of this study to receive either intravenous (IV) or intragastric (IG) infusions. All received 3 conditions: pure fat, pure carbohydrate, or isotonic saline in the morning. They consumed lunch ~30 min post infusion and dinner 6 hours post infusion. Participants rated hunger, thirst, fullness, prospective consumption, and nausea hourly. Blood was also drawn to asses physiological measurements for the IG group. Participants also completed a yogurt pre-load study with 3 conditions (each about 1 week apart) where they consumed mostly carbohydrate, mostly fat, or no yogurt preload before lunch. ","Shide DJ, Caballero B, Reidelberger R, Rolls BJ. Accurate energy compensation for intragastric and oral nutrients in lean males. The American journal of clinical nutrition. 1995 Apr 1;61(4):754-64.",https://doi.org/10.1093/ajcn/61.4.754,1,1,,,,,,,0,,,,1,,,,,,1,1,1,1,1,,,,,1,1,1,,1,,,,,,,,,
lemonade_meals,1991,,Johns Hopkins,adult,,,48,,,,,,,,,,,,,,,,,,,,,,,,,,,,,,,,,,,,1,,,,,,,,,
yogurt_preload,1991,,Johns Hopkins,adult,mixed,,72,,,"1. Rolls BJ, Kim-Harris S, Fischman MW, Foltin RW, Moran TH, Stoner SA. Satiety after preloads with different amounts of fat and carbohydrate: implications for obesity. The American journal of clinical nutrition. 1994 Oct 1;60(4):476-87.
2. Shide DJ, Rolls BJ. Information about the fat content of preloads influences energy intake in healthy women. Journal of the American Dietetic Association. 1995 Sep 1;95(9):993-8",https://doi.org/10.1093/ajcn/60.4.476; https://doi.org/10.1016/S0002-8223(95)00273-1,1,1,,,,1,,,0,,1,,1,1,,,1,,1,1,1,1,1,,,,,,1,1,,1,1,,,,,,,,
elderly_yogurt_preload,1992,,Penn State,elderly,mixed,,32,,,,,,1,,,,,,,,,,,1,,,,1,,1,1,1,1,1,,,,,,1,1,,1,1,,,,,,,,
olestra_soup_preload,1993,,Penn State,adult,mixed,,68,,,"Rolls BJ, Castellanos VH, Shide DJ, Miller DL, Pelkman CL, Thorwart ML, Peters JC. Sensory properties of a nonabsorbable fat substitute did not affect regulation of energy intake. Am J Clin Nutr. 1997 May;65(5):1375-83. doi: 10.1093/ajcn/65.5.1375. PMID: 9129465.",https://doi.org/10.1093/ajcn/65.5.1375,,,,,,1,,,,,1,,1,1,,,1,,1,1,1,1,1,,,,,,1,1,,1,1,,,,,,,,
olestra_chip,1994,,Penn State,adult,mixed,,97,,,"1) Miller DL, Bell EA, Pelkman CL, Peters JC, Rolls BJ. Effects of dietary fat, nutrition labels, and repeated consumption on sensory-specific satiety. Physiology & behavior. 2000 Oct 1;71(1-2):153-8.
2) Miller DL, Castellanos VH, Shide DJ, Peters JC, Rolls BJ. Effect of fat-free potato chips with and without nutrition labels on fat and energy intakes. Am J Clin Nutr. 1998 Aug;68(2):282-90. doi: 10.1093/ajcn/68.2.282. PMID: 9701184.",https://doi.org/10.1016/S0031-9384(00)00319-X; https://doi.org/10.1093/ajcn/68.2.282,,,,,,1,,,,,,,1,1,,,1,,1,1,0,0,0,,1,,,1,1,1,,1,1,,,,,,,1,1
kids_mac,1995,,Penn State,child,mixed,,36,,,"Rolls BJ, Engell D, Birch LL. Serving portion size influences 5-year-old but not 3-year-old children's food intakes. Journal of the American Dietetic Association. 2000 Feb 1;100(2):232-4.",https://doi.org/10.1016/S0002-8223(00)00070-5,,,,1,,,,,,,,,1,1,1,,1,,1,,,,,,,,,,,,,,,,,,,,,,
Sibutramine,1995,,Penn State,adult,female,,11,,,"Rolls BJ, Shide DJ, Thorwart ML, Ulbrecht JS. Sibutramine reduces food intake in non-dieting women with obesity. Obes Res. 1998 Jan;6(1):1-11. doi: 10.1002/j.1550-8528.1998.tb00308.x. PMID: 9526964.",https://doi.org/10.1002/j.1550-8528.1998.tb00308.x,,,,,,,,,,,,,1,,,,1,,1,,1,1,1,,,,,,,,,,,,,,,,,,
2day_ed,1996,,Penn State,adult,female,,18,,,"Bell EA, Castellanos VH, Pelkman CL, Thorwart ML, Rolls BJ. Energy density of foods affects energy intake in normal-weight women. The American journal of clinical nutrition. 1998 Mar 1;67(3):412-20.",https://doi.org/10.1093/ajcn/67.3.412,,,1,,,,,,,,,,1,,,,1,,1,,1,1,1,,,,,,1,,,1,1,,,,,,,,
elderly_cookie,1996,,Penn State,elderly,mixed,,124,,,,,,,,,,,,,,,,,,,,,,,,,,,,,,,,,,,,,,,,,,,,,
peanut_vas,1996,,Penn State,adult,,,15,,,,,,,,,,1,,,,,,,,,,,,,,,,,,,1,,,,,,,,,,,,,,,,
volume_preload_tastetest,1996,,Penn State,adult,male,,18,,,"Rolls BJ, Castellanos VH, Halford JC, Kilara A, Panyam D, Pelkman CL, Smith GP, Thorwart ML. Volume of food consumed affects satiety in men. Am J Clin Nutr. 1998 Jun;67(6):1170-7. doi: 10.1093/ajcn/67.6.1170. PMID: 9625090.",https://doi.org/10.1093/ajcn/67.6.1170,,,,,,,,,,,,,,,,,,,,,,,,,1,,,1,,,,,,,,,,,,,
volume_preload,1996,,Penn State,adult,male,,22,,,"Rolls BJ, Castellanos VH, Halford JC, Kilara A, Panyam D, Pelkman CL, Smith GP, Thorwart ML. Volume of food consumed affects satiety in men. Am J Clin Nutr. 1998 Jun;67(6):1170-7. doi: 10.1093/ajcn/67.6.1170. PMID: 9625090.",https://doi.org/10.1093/ajcn/67.6.1170,,1,,,,,,,,,,,1,,,,1,,1,,1,1,1,,,,,1,1,1,,1,1,,,,,,,,
depo,1997,,Penn State,adult,female,,33,,,"1) Pelkman CL, Heinbach RA, Rolls BJ. Reproductive hormones and eating behavior in young women. Appetite. 2000 Apr;34(2):217-8. doi: 10.1006/appe.1999.0309. PMID: 10744913.
2) Pelkman CL, Chow M, Heinbach RA, Rolls BJ. Short-term effects of a progestational contraceptive drug on food intake, resting energy expenditure, and body weight in young women. Am J Clin Nutr. 2001 Jan;73(1):19-26. doi: 10.1093/ajcn/73.1.19. PMID: 11124744.",https://doi.org/10.1006/appe.1999.0309; https://doi.org/10.1093/ajcn/73.1.19,,,,,,,,,,,,,,,,,,,,,,,,,,,,,,,,,,,,,,,,,
edxfat,1997,,Penn State,adult,female,,34,,,"Rolls BJ, Bell EA, Castellanos VH, Chow M, Pelkman CL, Thorwart ML. Energy density but not fat content of foods affected energy intake in lean and obese women. Am J Clin Nutr. 1999 May;69(5):863-71. doi: 10.1093/ajcn/69.5.863. PMID: 10232624.",https://doi.org/10.1093/ajcn/69.5.863,,,1,,,1,,,,,,,1,,,,1,,1,1,1,1,1,,1,,,1,1,1,,1,1,,,,,,,,
ig_volume_preload,1997,,Penn State,adult,female,,54,,,"Rolls BJ, Roe LS. Effect of the volume of liquid food infused intragastrically on satiety in women. Physiology & behavior. 2002 Aug 1;76(4-5):623-31.",https://doi.org/10.1016/S0031-9384(02)00801-6,,,,,,,,,,,,,,,,,,,,,,,,,,,,,,,,,,,,,,,,,
milk_sss_tastetest,1997,,Penn State,adult,mixed,,53,,,,,,,,,,,,,,,1,,1,,,,,,,,,,,,1,,,,,,,,,,,,,,,,
milk_sss,1997,,Penn State,adult,female,,36,,,"Bell EA, Roe LS, Rolls BJ. Sensory-specific satiety is affected more by volume than by energy content of a liquid food. Physiol Behav. 2003 Apr;78(4-5):593-600. doi: 10.1016/s0031-9384(03)00055-6. PMID: 12782213.",https://doi.org/10.1016/s0031-9384(03)00055-6,1,,,,,,,,,,,,1,,,,,,1,1,,,,,,,,,,,,,,,,,,,,,
png_fat,1997,,Penn State,adult,male,,38,,,,,,1,,,,1,,,,,,,1,,,,,,1,1,,,,,,,,1,1,1,,1,1,,,,,,,,
sss_pasta,1997,,Penn State,adult,female,,18,,,,,1,,,,,,,,,,,,,,,,,,,,,,,,,,,,,,,,,,,,,,,,
waterin_out,1997,,Penn State,adult,mixed,,61,,,,,,1,,,,,,,,,,,,,,,,,,,,,,,,,,,,,,,,,,,,,,,
soup_casserole_preload,1988,,Penn State,adult,female,,24,,,"Rolls BJ, Bell EA, Thorwart ML. Water incorporated into a food but not served with a food decreases energy intake in lean women. Am J Clin Nutr. 1999 Oct;70(4):448-55. doi: 10.1093/ajcn/70.4.448. PMID: 10500012.",https://doi.org/10.1093/ajcn/70.4.448,,1,,,,,,,,,1,,1,,,,1,,1,1,1,1,1,,,,,,1,,,1,1,,,,,,,,
1day_edxfat,1999,,Penn State,adult,female,,36,,,"Bell EA, Rolls BJ. Energy density of foods affects energy intake across multiple levels of fat content in lean and obese women. The American journal of clinical nutrition. 2001 Jun 1;73(6):1010-8.",https://doi.org/10.1093/ajcn/73.6.1010,,,1,,,1,,,,,1,,,,,,1,,1,1,2,2,2,,1,,,,1,1,,1,,,1,,,,,,
air_preload,1999,,Penn State,adult,male,,28,,,"Rolls BJ, Bell EA, Waugh BA. Increasing the volume of a food by incorporating air affects satiety in men. Am J Clin Nutr. 2000 Aug;72(2):361-8. doi: 10.1093/ajcn/72.2.361. PMID: 10919928.",https://doi.org/10.1093/ajcn/72.2.361,,1,,,1,,,,,,,,1,,,,,,1,1,,,,,,,,1,1,1,,1,1,,,,,,,,
soup_preload_time,1999,,Penn State,adult,female,,42,,,,,,1,,,,,,,,,,,1,,,,1,,1,1,,,,,,,,1,1,1,,1,,,,,,,,,
ed_info,2000,,Penn State,,,,40,,,"Kral TV, Roe LS, Rolls BJ. Does nutrition information about the energy density of meals affect food intake in normal-weight women? Appetite. 2002 Oct;39(2):137-45. doi: 10.1006/appe.2002.0498. PMID: 12354682.",https://doi.org/10.1006/appe.2002.0498,,,1,,,,,,,,,,1,,,,1,,1,1,1,1,1,,,,,,1,1,,1,,,,,,,,,
fat_pref,2000,,Penn State,adult,mixed,,284,,,"Ledikwe JH, Ello-Martin J, Pelkman CL, Birch LL, Mannino ML, Rolls BJ. A reliable, valid questionnaire indicates that preference for dietary fat declines when following a reduced-fat diet. Appetite. 2007 Jul;49(1):74-83. doi: 10.1016/j.appet.2006.12.001. Epub 2006 Dec 23. PMID: 17275138.",https://doi.org/10.1016/j.appet.2006.12.001,,,,,,,,,,,,,1,,,,1,,1,1,1,1,1,,1,,,,1,1,,,,,,,,,,,
mac_protion,2000,,Penn State,adult,mixed,,51,,,"Rolls BJ, Morris EL, Roe LS. Portion size of food affects energy intake in normal-weight and overweight men and women. Am J Clin Nutr. 2002 Dec;76(6):1207-13. doi: 10.1093/ajcn/76.6.1207. PMID: 12450884.",https://doi.org/10.1093/ajcn/76.6.1207,,,,1,,,,,,,,,1,1,,,1,,1,1,1,1,1,,,,,,1,1,,1,,,,,,,,,
reno_diet_records,2000,,Penn State,retro,,,324,,,,,,,,,,,,,,,,,,,,,,,,,,,,,,,,,,,,,,,,,,,,,
chip_ps,2001,,Penn State,adult,mixed,,60,,,"Rolls BJ, Roe LS, Kral TV, Meengs JS, Wall DE. Increasing the portion size of a packaged snack increases energy intake in men and women. Appetite. 2004 Feb;42(1):63-9. doi: 10.1016/S0195-6663(03)00117-X. PMID: 15036784.",https://doi.org/10.1016/s0195-6663(03)00117-x,,,,1,,,,,,,,,1,1,,,1,,1,1,1,1,1,,,,,,1,1,,1,,,,,,,,,
edxps,2001,,Penn State,adult,women,,39,,,"Kral TV, Roe LS, Rolls BJ. Combined effects of energy density and portion size on energy intake in women. Am J Clin Nutr. 2004 Jun;79(6):962-8. doi: 10.1093/ajcn/79.6.962. PMID: 15159224.",https://doi.org/10.1093/ajcn/79.6.962,,,1,1,,,,,,,,,1,,,,1,,1,1,1,1,1,,,,,,1,1,,1,,,,1,,,,,
sand_ps,2001,,Penn State,adult,mixed,,75,,,"Rolls BJ, Roe LS, Meengs JS, Wall DE. Increasing the portion size of a sandwich increases energy intake. J Am Diet Assoc. 2004 Mar;104(3):367-72. doi: 10.1016/j.jada.2003.12.013. PMID: 14993858.",https://doi.org/10.1016/j.jada.2003.12.013,,,,1,,,,,,,,,1,1,,,1,,1,1,1,1,1,,1,,,,1,1,,1,,,,,,,,,
soup_wl,2001,,Penn State,adult,mixed,,200,,,"Rolls BJ, Roe LS, Beach AM, Kris-Etherton PM. Provision of foods differing in energy density affects long-term weight loss. Obes Res. 2005 Jun;13(6):1052-60. doi: 10.1038/oby.2005.123. PMID: 15976148.",https://doi.org/10.1038/oby.2005.123,,,1,,,,,,,1,,,1,1,1,1,1,,,,,,,,1,,,1,1,1,,1,,,,,,,,,
2day_ps,2002,,Penn State,adult,mixed,,32,,,"Rolls BJ, Roe LS, Meengs JS. Larger portion sizes lead to a sustained increase in energy intake over 2 days. J Am Diet Assoc. 2006 Apr;106(4):543-9. doi: 10.1016/j.jada.2006.01.014. PMID: 16567150.",https://doi.org/10.1016/j.jada.2006.01.014,,,,1,,,,,,,,,1,1,1,,1,,1,1,1,1,1,,,,,,1,,,1,,,,1,1,,,,
cafeteria_ps,2002,,Penn State,adult,mixed,,180,,,"Diliberti N, Bordi PL, Conklin MT, Roe LS, Rolls BJ. Increased portion size leads to increased energy intake in a restaurant meal. Obes Res. 2004 Mar;12(3):562-8. doi: 10.1038/oby.2004.64. PMID: 15044675.",https://doi.org/10.1038/oby.2004.64,,,,1,,,,,,,1,,1,1,,,1,,1,,,,,,,,,,,,,,,,,,,,,,
liquid_vas,2002,,Penn State,adult,mixed,,210,,,,,,,,,,,,,,,,,1,1,1,,,,,,,,,,1,,1,,,,,1,,,,,,,,,
ps_est,2002,,Penn State,,,,32,,,,,,,,,,,,,,,,,1,1,1,,1,,,,,,,,,,,,1,1,,,,,,,,,,,
platesize_series,2002-2005,,Penn State,adult,mixed,,119,,,"Rolls BJ, Roe LS, Halverson KH, Meengs JS. Using a smaller plate did not reduce energy intake at meals. Appetite. 2007 Nov;49(3):652-60. doi: 10.1016/j.appet.2007.04.005. Epub 2007 Apr 22. PMID: 17540474; PMCID: PMC2129126.",https://doi.org/10.1016/j.appet.2007.04.005,,,,,,,,,,,,,1,1,1,,1,,1,1,1,1,1,,,,,,1,1,,1,,,,,,,,,
2day_psxed,2003,,Penn State,adult,female,,24,,,"Rolls BJ, Roe LS, Meengs JS. Reductions in portion size and energy density of foods are additive and lead to sustained decreases in energy intake. Am J Clin Nutr. 2006 Jan;83(1):11-7. doi: 10.1093/ajcn/83.1.11. PMID: 16400043; PMCID: PMC1474143.",https://doi.org/10.1093/ajcn/83.1.11,,,1,1,,,,,,,,,1,,1,,1,,1,1,,,,,,,,1,1,1,,1,,,,,,,,,
bev_type,2003,,Penn State,adult,female,,44,,,"DellaValle DM, Roe LS, Rolls BJ. Does the consumption of caloric and non-caloric beverages with a meal affect energy intake? Appetite. 2005 Apr;44(2):187-93. doi: 10.1016/j.appet.2004.11.003. PMID: 15808893.",https://doi.org/10.1016/j.appet.2004.11.003,,,,,,,,,,,1,,1,1,1,,1,,1,1,1,1,1,,,,,1,1,1,,1,,,,,,,,,
ed_weightloss,2003,,Penn State,adult,female,,97,,,"Ello-Martin JA, Roe LS, Ledikwe JH, Beach AM, Rolls BJ. Dietary energy density in the treatment of obesity: a year-long trial comparing 2 weight-loss diets. Am J Clin Nutr. 2007 Jun;85(6):1465-77. doi: 10.1093/ajcn/85.6.1465. PMID: 17556681; PMCID: PMC2018610.",https://doi.org/10.1093/ajcn/85.6.1465,,,,,,,,,,1,1,,1,1,1,1,1,1,1,,1,1,1,,,,,1,,1,,1,1,,,,,,,,
salad_preload,2003,,Penn State,adult,female,,42,,,"Rolls BJ, Roe LS, Meengs JS. Salad and satiety: energy density and portion size of a first-course salad affect energy intake at lunch. J Am Diet Assoc. 2004 Oct;104(10):1570-6. doi: 10.1016/j.jada.2004.07.001. PMID: 15389416.",https://doi.org/10.1016/j.jada.2004.07.001,,1,1,1,,,,,,,,,1,1,1,,1,,1,1,1,1,1,,,,,,1,1,,1,,,,,,,,,
11day_ps,2004,,Penn State,adult,mixed,,23,,,"Rolls BJ, Roe LS, Meengs JS. The effect of large portion sizes on energy intake is sustained for 11 days. Obesity (Silver Spring). 2007 Jun;15(6):1535-43. doi: 10.1038/oby.2007.182. PMID: 17557991.",https://doi.org/10.1038/oby.2007.182,,,,1,,,,,,,,,1,1,1,,1,,1,1,1,1,1,,,,,,1,1,,1,,,,,,,,,
bev_ps,2004,,Penn State,adult,mixed,,40,,,"Flood JE, Roe LS, Rolls BJ. The effect of increased beverage portion size on energy intake at a meal. J Am Diet Assoc. 2006 Dec;106(12):1984-90; discussion 1990-1. doi: 10.1016/j.jada.2006.09.005. PMID: 17126628.",https://doi.org/10.1016/j.jada.2006.09.005,,,,1,,,,,,,,,1,1,1,,1,,1,1,1,1,1,,,,,1,1,1,,1,,,,,,,,,
chef_ps,2004,,Penn State,chefs,mixed,,437,,,"Condrasky M, Ledikwe JH, Flood JE, Rolls BJ. Chefs' opinions of restaurant portion sizes. Obesity (Silver Spring). 2007 Aug;15(8):2086-94. doi: 10.1038/oby.2007.248. PMID: 17712127.",https://doi.org/10.1038/oby.2007.248,,,,,,,,,,,,,1,1,,,,,,,,,,,,,,,,,,,,,,,,,,,
premier_ed,2004,,Penn State,adult,mixed,,658,,,"Ledikwe JH, Rolls BJ, Smiciklas-Wright H, Mitchell DC, Ard JD, Champagne C, Karanja N, Lin PH, Stevens VJ, Appel LJ. Reductions in dietary energy density are associated with weight loss in overweight and obese participants in the PREMIER trial. Am J Clin Nutr. 2007 May;85(5):1212-21. doi: 10.1093/ajcn/85.5.1212. PMID: 17490955.",https://doi.org/10.1093/ajcn/85.5.1212,,,,,,,,,,1,,,1,1,1,1,1,1,,,,,,,,,,,,,,,,,,,,,,,
snack_air,2004,,Penn State,adult,mixed,,28,,,"Osterholt KM, Roe LS, Rolls BJ. Incorporation of air into a snack food reduces energy intake. Appetite. 2007 May;48(3):351-8. doi: 10.1016/j.appet.2006.10.007. Epub 2006 Dec 26. PMID: 17188782; PMCID: PMC2129127.",https://doi.org/10.1016/j.appet.2006.10.007,,,1,,1,,,,,,,,1,1,1,,1,,1,1,,,,,,,,,1,1,,1,,,,,,,,,
mad_ed,2005,,Penn State,child,mixed,,77,,,"Leahy KE, Birch LL, Rolls BJ. Reducing the energy density of an entrée decreases children's energy intake at lunch. J Am Diet Assoc. 2008 Jan;108(1):41-8. doi: 10.1016/j.jada.2007.10.015. PMID: 18155988.",https://doi.org/10.1016/j.jada.2007.10.015,,,1,,,,,,,,,,1,1,,1,1,,1,1,1,1,1,1,1,,,,,,,,,,,,,1,,,
apple_preload,2005,,Penn State,adult,mixed,,58,,,"Flood-Obbagy JE, Rolls BJ. The effect of fruit in different forms on energy intake and satiety at a meal. Appetite. 2009 Apr;52(2):416-22. doi: 10.1016/j.appet.2008.12.001. Epub 2008 Dec 6. PMID: 19110020; PMCID: PMC2664987.",https://doi.org/10.1016/j.appet.2008.12.001,,1,,,,,1,,,,,,1,1,1,,1,,1,1,1,1,1,,,,,,1,1,,1,,,,,,,,,
mac_edxps,2006,,Penn State,child,mixed,,61,,,"Leahy KE, Birch LL, Fisher JO, Rolls BJ. Reductions in entrée energy density increase children's vegetable intake and reduce energy intake. Obesity (Silver Spring). 2008 Jul;16(7):1559-65. doi: 10.1038/oby.2008.257. Epub 2008 May 1. PMID: 18451770.",https://doi.org/10.1038/oby.2008.257,,,1,1,,,,,,,,,1,1,1,1,1,,1,1,1,1,1,1,,,,,,,,,,,,,,1,,,
salad_timing,2006,,Penn State,adult,mixed,,51,,,,,,1,,,,,,,,,,,1,1,1,,1,,1,1,1,1,1,,,,,,1,1,,1,,,,,,,,,
soup_preload,2006,,Penn State,adult,mixed,,60,,,"Flood JE, Rolls BJ. Soup preloads in a variety of forms reduce meal energy intake. Appetite. 2007 Nov;49(3):626-34. doi: 10.1016/j.appet.2007.04.002. Epub 2007 Apr 14. PMID: 17574705; PMCID: PMC2128765.",https://doi.org/10.1016/j.appet.2007.04.002,,1,,,,,,,,,,,1,1,1,,1,,1,1,1,1,1,,,,,,1,1,,1,,,,,,,,,
2day_ed,2006,,Penn State,child,mixed,,26,,,"Leahy KE, Birch LL, Rolls BJ. Reducing the energy density of multiple meals decreases the energy intake of preschool-age children. Am J Clin Nutr. 2008 Dec;88(6):1459-68. doi: 10.3945/ajcn.2008.26522. PMID: 19064504.",https://doi.org/10.3945/ajcn.2008.26522,,,,,,,,,,,,,,,,,,,,,,,,,,,,,,,,,,,,,,,,,
carrot_ps,2006,,Penn State,child,mixed,,51,,,"Spill MK, Birch LL, Roe LS, Rolls BJ. Eating vegetables first: the use of portion size to increase vegetable intake in preschool children. Am J Clin Nutr. 2010 May;91(5):1237-43. doi: 10.3945/ajcn.2009.29139. Epub 2010 Mar 10. PMID: 20219955; PMCID: PMC2854901.",https://doi.org/10.3945/ajcn.2009.29139,,,,1,,,,,,,,,1,1,1,1,1,,1,1,1,1,1,1,,,,,,,,,,,,,,,,,
mac_ps_birch,2007,,Penn State,child,,,66,,,,,,,,1,,,,,,,,,1,1,1,1,1,,1,1,,,,,1,,,,,,,,,,,,,,,,
veg_add_sub,2007,,Penn State,,,,97,,,,,,,,,,,,,,,,,,,,,,,,,,,,,,,,,,,,,,,,,,,,,
veg_variety,2007,,Penn State,,,,66,,,,,,,,,,,,,,,,,,,,,,,,,,,,,,,,,,,,,,,,,,,,,
chef_ed,2008,,Penn State,,,,432,,,,,,,,,,,,,,,,,,,,,,,,,,,,,,,,,,,,,,,,,,,,,
fruit_veg_ps,2008,,Penn State,child,,,43,,,,,,,,,,,,,,,,,,,,,,,,,,,,,,,,,,,,,,,,,,,,,
veg_variety,2008,,Penn State,child,,,13,,,,,,,,,,,,,,,,,,,,,,,,,,,,,,,,,,,,,,,,,,,,,
protien_dose,2008,,Penn State,,,,18,,,,,,,,,,,,,,,,,,,,,,,,,,,,,,,,,,,,,,,,,,,,,
salad_timing2,2008,,Penn State,,,,46,,,,,,,,,,,,,,,,,,,,,,,,,,,,,,,,,,,,,,,,,,,,,
veg_ed,2008,,Penn State,,,,41,,,,,,,,,,,,,,,,,,,,,,,,,,,,,,,,,,,,,,,,,,,,,
edxe,2009,,Penn State,,,,68,,,,,,,,,,,,,,,,,,,,,,,,,,,,,,,,,,,,,,,,,,,,,
soup_ps,2009,,Penn State,child,,,72,,,,,,,,,,,,,,,,,,,,,,,,,,,,,,,,,,,,,,,,,,,,,
ed_methods,2010,,Penn State,,,,59,,,,,,,,,,,,,,,,,,,,,,,,,,,,,,,,,,,,,,,,,,,,,
entrée_int,2010,,Penn State,,,,47,,,,,,,,,,,,,,,,,,,,,,,,,,,,,,,,,,,,,,,,,,,,,
veg_ed_kids,2010,,Penn State,child,,,40,,,,,,,,,,,,,,,,,,,,,,,,,,,,,,,,,,,,,,,,,,,,,
nutred_hormones,2010,,Penn State,,,,71,,,,,,,,,,,,,,,,,,,,,,,,,,,,,,,,,,,,,,,,,,,,,
cereal_vol,2011,,Penn State,,,,41,,,,,,,,,,,,,,,,,,,,,,,,,,,,,,,,,,,,,,,,,,,,,
cereal_vol_kids,2011,,Penn State,child,,,17,,,,,,,,,,,,,,,,,,,,,,,,,,,,,,,,,,,,,,,,,,,,,
fv_variety,2011,,Penn State,child,,,61,,,,,,,,,,,,,,,,,,,,,,,,,,,,,,,,,,,,,,,,,,,,,
tomato_snack,2012,,Penn State,child,,,20,,,,,,,,,,,,,,,,,,,,,,,,,,,,,,,,,,,,,,,,,,,,,
leaps_survey,2012,,Penn State,,,,39,,,,,,,,,,,,,,,,,,,,,,,,,,,,,,,,,,,,,,,,,,,,,
leaps_weightloss,2012,,Penn State,,,,186,,,,,,,,,,,,,,,,,,,,,,,,,,,,,,,,,,,,,,,,,,,,,
psxed,2013,,Penn State,child,,,120,,,,,,,,,,,,,,,,,,,,,,,,,,,,,,,,,,,,,,,,,,,,,
ps_susceptibility,2013,,Penn State,,,,48,,,,,,,,,,,,,,,,,,,,,,,,,,,,,,,,,,,,,,,,,,,,,
ps_susceptibility_leaps,2013,,Penn State,,,,102,,,,,,,,,,,,,,,,,,,,,,,,,,,,,,,,,,,,,,,,,,,,,
milk_edxps,2014,,Penn State,child,,,125,,,,,,,,,,,,,,,,,,,,,,,,,,,,,,,,,,,,,,,,,,,,,
5day_ps,2015,,Penn State,child,,,46,,,,,,,,,,,,,,,,,,,,,,,,,,,,,,,,,,,,,,,,,,,,,
portion_choice,2015,,Penn State,,,,50,,,,,,,,,,,,,,,,,,,,,,,,,,,,,,,,,,,,,,,,,,,,,
ps_cost,2015,,Penn State,,,,79,,,,,,,,,,,,,,,,,,,,,,,,,,,,,,,,,,,,,,,,,,,,,
5day_ed,2016,,Penn State,child,,,49,,,,,,,,,,,,,,,,,,,,,,,,,,,,,,,,,,,,,,,,,,,,,
ps_togo,2016,,Penn State,,,,53,,,,,,,,,,,,,,,,,,,,,,,,,,,,,,,,,,,,,,,,,,,,,
5day_fv,2017,,Penn State,child,,,53,,,,,,,,,,,,,,,,,,,,,,,,,,,,,,,,,,,,,,,,,,,,,
psxsatiety,2017,,Penn State,,,,44,,,,,,,,,,,,,,,,,,,,,,,,,,,,,,,,,,,,,,,,,,,,,
veg_palitability,2018,,Penn State,,,,67,,,,,,,,,,,,,,,,,,,,,,,,,,,,,,,,,,,,,,,,,,,,,
riseq,2019,,Penn State,q,,,477,,,,,,,,,,,,,,,,,,,,,,,,,,,,,,,,,,,,,,,,,,,,,
portion_survey,2020,,Penn State,child,,,51,,,,,,,,,,,,,,,,,,,,,,,,,,,,,,,,,,,,,,,,,,,,,
selfserve_snack,2020,,Penn State,child,,,52,,,,,,,,,,,,,,,,,,,,,,,,,,,,,,,,,,,,,,,,,,,,,
